0.25,0,0.0625,0.0625,0.0625,0.0625,0.5,0.0625,0.5,0,0,0,0,0.5,0.166666667,0.0625,0,0.0625,0.0625,0.0625,0.0625
0,0,0.013849313,0.013849313,0.013849313,0.013849313,0,0.01384931,0,0,0,0,0,0,0,0.01384931,0,0.01384931,0.01384931,0.01384931,0.01384931
0.25,0,0.098165625,0.098165625,0.098165625,0.098165625,0,0.09816563,0,0,0,0,0,0,0.16666667,0.09816563,0.25,0.09816563,0.09816563,0.09816563,0.09816563
0,0,0.040584375,0.040584375,0.040584375,0.040584375,0,0.04058438,0,0,0,0,0,0,0,0.04058438,0,0.04058438,0.04058438,0.04058438,0.04058438
0,0,0.0221589,0.0221589,0.0221589,0.0221589,0,0.0221589,0,0,0,0,0,0,0,0.0221589,0.25,0.0221589,0.0221589,0.0221589,0.0221589
0,0,0.01875,0.01875,0.01875,0.01875,0,0.01875,0,0,0,0,0,0,0.166666667,0.01875,0,0.01875,0.01875,0.01875,0.01875
0,0.25,0.088349063,0.088349063,0.088349063,0.088349063,0,0.08834906,0,0,0,0,0,0,0,0.08834906,0,0.08834906,0.08834906,0.08834906,0.08834906
0,0,0.0224136,0.0224136,0.0224136,0.0224136,0,0.2612068,0,0,0,0,0,0,0,0.0224136,0,0.0224136,0.0224136,0.0224136,0.0224136
0,0,0.0428571,0.0428571,0.0428571,0.0428571,0,0.0428571,0,0,0,0,0,0,0,0.0428571,0,0.0428571,0.0428571,0.0428571,0.0428571
0,0,0.0361611,0.0361611,0.0361611,0.0361611,0,0.26808055,0,0,0,0,0,0,0,0.0361611,0,0.0361611,0.0361611,0.0361611,0.0361611
0,0,0.0092664,0.0092664,0.0092664,0.0092664,0,0.0092664,0,0,0,0,0,0,0,0.0092664,0,0.0092664,0.0092664,0.0092664,0.0092664
0,0,0.1036629,0.1036629,0.1036629,0.1036629,0,0.1036629,0,0.25,0.25,0.25,0.25,0,0.16666667,0.1036629,0.25,0.1036629,0.1036629,0.1036629,0.1036629
0,0.25,0.05625,0.05625,0.05625,0.05625,0,0.05625,0,0,0,0,0,0,0,0.05625,0,0.05625,0.05625,0.05625,0.05625
0,0,0.036525938,0.036525938,0.036525938,0.036525938,0,0.03652594,0,0,0,0,0,0,0,0.03652594,0,0.03652594,0.03652594,0.03652594,0.03652594
0,0,0.0226665,0.0226665,0.0226665,0.0226665,0,0.0226665,0,0,0,0,0,0,0,0.0226665,0,0.0226665,0.0226665,0.0226665,0.0226665
0.25,0.25,0.0792585,0.0792585,0.0792585,0.0792585,0,0.0792585,0.5,0.25,0.25,0.25,0.25,0,0.16666667,0.0792585,0.25,0.0792585,0.0792585,0.0792585,0.0792585
0,0,0.066,0.066,0.066,0.066,0,0.066,0,0.25,0.25,0.25,0.25,0.5,0.16666667,0.066,0,0.066,0.066,0.066,0.066
0,0,0.03,0.03,0.03,0.03,0.5,0.03,0,0,0,0,0,0,0,0.03,0,0.03,0.03,0.03,0.03
0,0,0.005725688,0.005725688,0.005725688,0.005725688,0,0.00572569,0,0,0,0,0,0,0,0.00572569,0,0.00572569,0.00572569,0.00572569,0.00572569
0.25,0.25,0.102484913,0.102484913,0.102484913,0.102484913,0,0.10248491,0.5,0.25,0.25,0.25,0.25,0,0,0.10248491,0,0.10248491,0.10248491,0.10248491,0.10248491
0,0,0.042370088,0.042370088,0.042370088,0.042370088,0,0.04237009,0,0,0,0,0,0,0,0.04237009,0,0.04237009,0.04237009,0.04237009,0.04237009